chapter,title,word_count,characters,events,source_url,parsed_at
1,1 - The Greatest Envy,2311,[],[],https://novelfire.net/book/sss-class-suicide-hunter/chapter-1,2026-05-27T17:08:55.526427
2,"2 - However, You Die (1)",2793,[],[],https://novelfire.net/book/sss-class-suicide-hunter/chapter-2,2026-05-27T17:08:55.530234
3,"3 - However, You Die (2)",2185,[],[],https://novelfire.net/book/sss-class-suicide-hunter/chapter-3,2026-05-27T17:08:55.533860
1,1 - The Greatest Envy,2311,[],[],https://novelfire.net/book/sss-class-suicide-hunter/chapter-1,2026-05-27T17:43:59.701085
2,"2 - However, You Die (1)",2793,[],[],https://novelfire.net/book/sss-class-suicide-hunter/chapter-2,2026-05-27T17:43:59.705477
3,"3 - However, You Die (2)",2185,[],[],https://novelfire.net/book/sss-class-suicide-hunter/chapter-3,2026-05-27T17:43:59.709861
4,4 - Hero Hunting (1),3441,[],[],https://novelfire.net/book/sss-class-suicide-hunter/chapter-4,2026-05-27T17:43:59.714360
5,5: Hero Hunting (2),2698,[],[],https://novelfire.net/book/sss-class-suicide-hunter/chapter-5,2026-05-27T17:43:59.718692
6,6 - Hero Hunting (3) Part 1,1496,[],[],https://novelfire.net/book/sss-class-suicide-hunter/chapter-6,2026-05-27T17:43:59.722343
7,6.2 - Hero Hunting (3) Part 2,931,[],[],https://novelfire.net/book/sss-class-suicide-hunter/chapter-7,2026-05-27T17:43:59.725758
8,7 - The Monologuing Identity(1),2236,[],[],https://novelfire.net/book/sss-class-suicide-hunter/chapter-8,2026-05-27T17:43:59.729522
9,8 – The Monologuing Identity(2),2648,[],[],https://novelfire.net/book/sss-class-suicide-hunter/chapter-9,2026-05-27T17:43:59.734350
10,9 – The Monologuing Identity(2),2152,[],[],https://novelfire.net/book/sss-class-suicide-hunter/chapter-10,2026-05-27T17:43:59.738309
11,10 - Solo Start,2418,[],[],https://novelfire.net/book/sss-class-suicide-hunter/chapter-11,2026-05-27T17:43:59.742497
12,11 – Solo Start (2),1838,[],[],https://novelfire.net/book/sss-class-suicide-hunter/chapter-12,2026-05-27T17:43:59.746388
13,12 – Solo Start (3),2261,[],[],https://novelfire.net/book/sss-class-suicide-hunter/chapter-13,2026-05-27T17:43:59.750987
14,13 – You Have a Skill Too? (1),1888,[],[],https://novelfire.net/book/sss-class-suicide-hunter/chapter-14,2026-05-27T17:43:59.754911
15,14 – You Have a Skill Too? (2),1900,[],[],https://novelfire.net/book/sss-class-suicide-hunter/chapter-15,2026-05-27T17:43:59.758743
16,15 – You Have a Skill Too? (3),2195,[],[],https://novelfire.net/book/sss-class-suicide-hunter/chapter-16,2026-05-27T17:43:59.762963
17,16 – Trauma Penalty (1),2196,[],[],https://novelfire.net/book/sss-class-suicide-hunter/chapter-17,2026-05-27T17:43:59.767715
18,17 – Trauma Penalty (2),2628,[],[],https://novelfire.net/book/sss-class-suicide-hunter/chapter-18,2026-05-27T17:43:59.772375
19,18 – Trauma Penalty (3),1745,[],[],https://novelfire.net/book/sss-class-suicide-hunter/chapter-19,2026-05-27T17:43:59.776296
20,19 -The Luxury of a Cup of Coffee (1),1986,[],[],https://novelfire.net/book/sss-class-suicide-hunter/chapter-20,2026-05-27T17:43:59.780778
21,20 -The Luxury of a Cup of Coffee (2),2279,[],[],https://novelfire.net/book/sss-class-suicide-hunter/chapter-21,2026-05-27T17:43:59.784899
22,21 -The Luxury of a Cup of Coffee (3),1853,[],[],https://novelfire.net/book/sss-class-suicide-hunter/chapter-22,2026-05-27T17:43:59.788767
23,"22 – Enter, Warriors! (1)",1201,[],[],https://novelfire.net/book/sss-class-suicide-hunter/chapter-23,2026-05-27T17:43:59.792394
24,"23 – Enter, Warriors! (2)",2343,[],[],https://novelfire.net/book/sss-class-suicide-hunter/chapter-24,2026-05-27T17:43:59.800267
25,"24 – Enter, Warriors! (3)",2631,[],[],https://novelfire.net/book/sss-class-suicide-hunter/chapter-25,2026-05-27T17:43:59.804960
26,25- The Chosen Ones (1),1935,[],[],https://novelfire.net/book/sss-class-suicide-hunter/chapter-26,2026-05-27T17:43:59.808939
27,26- The Chosen Ones (2),1934,[],[],https://novelfire.net/book/sss-class-suicide-hunter/chapter-27,2026-05-27T17:43:59.812829
28,27- The Chosen Ones (3),1130,[],[],https://novelfire.net/book/sss-class-suicide-hunter/chapter-28,2026-05-27T17:43:59.816921
29,28 – Fall Rain is Blood (1),1866,[],[],https://novelfire.net/book/sss-class-suicide-hunter/chapter-29,2026-05-27T17:43:59.820959
30,28.1 – Fall Rain is Blood (1),1952,[],[],https://novelfire.net/book/sss-class-suicide-hunter/chapter-30,2026-05-27T17:43:59.825029
31,29 – Fall Rain is Blood (2),3124,[],[],https://novelfire.net/book/sss-class-suicide-hunter/chapter-31,2026-05-27T17:43:59.830887
32,30 – Fall Rain is Blood (3),1282,[],[],https://novelfire.net/book/sss-class-suicide-hunter/chapter-32,2026-05-27T17:43:59.834657
33,31 – Red Sword (1),1822,[],[],https://novelfire.net/book/sss-class-suicide-hunter/chapter-33,2026-05-27T17:43:59.838722
34,32 – Red Sword (2),1862,[],[],https://novelfire.net/book/sss-class-suicide-hunter/chapter-34,2026-05-27T17:43:59.843065
35,33 – Red Sword (3),2193,[],[],https://novelfire.net/book/sss-class-suicide-hunter/chapter-35,2026-05-27T17:43:59.848217
36,34 – My Death Is (1),2511,[],[],https://novelfire.net/book/sss-class-suicide-hunter/chapter-36,2026-05-27T17:43:59.852638
37,35 – My Death Is (2),2593,[],[],https://novelfire.net/book/sss-class-suicide-hunter/chapter-37,2026-05-27T17:43:59.857341
38,36 – My Death Is (3),2603,[],[],https://novelfire.net/book/sss-class-suicide-hunter/chapter-38,2026-05-27T17:43:59.862327
39,37 – A Warrior’s Nickname,1990,[],[],https://novelfire.net/book/sss-class-suicide-hunter/chapter-39,2026-05-27T17:43:59.866312
40,38 – A Warrior’s Nickname (2),2069,[],[],https://novelfire.net/book/sss-class-suicide-hunter/chapter-40,2026-05-27T17:43:59.870991
41,39 – A Warrior’s Nickname (3),1939,[],[],https://novelfire.net/book/sss-class-suicide-hunter/chapter-41,2026-05-27T17:43:59.875233
42,40 – His Time (1),2024,[],[],https://novelfire.net/book/sss-class-suicide-hunter/chapter-42,2026-05-27T17:43:59.880190
43,41 – His Time (2),1838,[],[],https://novelfire.net/book/sss-class-suicide-hunter/chapter-43,2026-05-27T17:43:59.884376
44,42 – His Time (3),1736,[],[],https://novelfire.net/book/sss-class-suicide-hunter/chapter-44,2026-05-27T17:43:59.888442
45,43 – His Time (4),1846,[],[],https://novelfire.net/book/sss-class-suicide-hunter/chapter-45,2026-05-27T17:43:59.893085
46,44 – The Devil King’s Name (1),1174,[],[],https://novelfire.net/book/sss-class-suicide-hunter/chapter-46,2026-05-27T17:43:59.896907
47,45.1 – The Devil King’s Name (2),1521,[],[],https://novelfire.net/book/sss-class-suicide-hunter/chapter-47,2026-05-27T17:43:59.900709
48,45.2 - The Devil Kings Name (2),2062,[],[],https://novelfire.net/book/sss-class-suicide-hunter/chapter-48,2026-05-27T17:43:59.905274
49,46 - The Devil Kings Name (3),1540,[],[],https://novelfire.net/book/sss-class-suicide-hunter/chapter-49,2026-05-27T17:43:59.909658
50,47 – How to Stand Against the World (1),2702,[],[],https://novelfire.net/book/sss-class-suicide-hunter/chapter-50,2026-05-27T17:43:59.914204
51,48.1 – How to Stand Against the World (2),1964,[],[],https://novelfire.net/book/sss-class-suicide-hunter/chapter-51,2026-05-27T17:43:59.918081
52,48.2 – How to Stand Against the World (2),1493,[],[],https://novelfire.net/book/sss-class-suicide-hunter/chapter-52,2026-05-27T17:43:59.921553
53,49 – How to Stand Against the World (3),2881,[],[],https://novelfire.net/book/sss-class-suicide-hunter/chapter-53,2026-05-27T17:43:59.926581
54,50 – Paradise After the End (1),2506,[],[],https://novelfire.net/book/sss-class-suicide-hunter/chapter-54,2026-05-27T17:43:59.931144
55,51 – Paradise After the End (2),3007,[],[],https://novelfire.net/book/sss-class-suicide-hunter/chapter-55,2026-05-27T17:43:59.935439
56,52 – Paradise After the End (3),4548,[],[],https://novelfire.net/book/sss-class-suicide-hunter/chapter-56,2026-05-27T17:43:59.941138
57,53 – The Obsessed Final King (1),3024,[],[],https://novelfire.net/book/sss-class-suicide-hunter/chapter-57,2026-05-27T17:43:59.945381
58,54 – The Obsessed Last King (2),3195,[],[],https://novelfire.net/book/sss-class-suicide-hunter/chapter-58,2026-05-27T17:43:59.949678
59,55 – The Obsessed Final King (3),2754,[],[],https://novelfire.net/book/sss-class-suicide-hunter/chapter-59,2026-05-27T17:43:59.954457
60,56 – Bibliomania (1),2966,[],[],https://novelfire.net/book/sss-class-suicide-hunter/chapter-60,2026-05-27T17:43:59.958881
61,57 – Bibliomania. (2),3581,[],[],https://novelfire.net/book/sss-class-suicide-hunter/chapter-61,2026-05-27T17:43:59.963681
62,58 – Bibliomania. (3),2891,[],[],https://novelfire.net/book/sss-class-suicide-hunter/chapter-62,2026-05-27T17:43:59.972583
63,59 – Expedition Without Hopes Or Dreams (1),3213,[],[],https://novelfire.net/book/sss-class-suicide-hunter/chapter-63,2026-05-27T17:43:59.977076
64,60 – Expedition without hopes or dreams (2),2252,[],[],https://novelfire.net/book/sss-class-suicide-hunter/chapter-64,2026-05-27T17:43:59.980988
65,61 – Expedition Without Hopes or Dreams (3),3467,[],[],https://novelfire.net/book/sss-class-suicide-hunter/chapter-65,2026-05-27T17:43:59.985606
66,62 – The Battle of Good and Evil (1),3156,[],[],https://novelfire.net/book/sss-class-suicide-hunter/chapter-66,2026-05-27T17:43:59.990540
67,63 – The Battle of Good and Evil (2),2817,[],[],https://novelfire.net/book/sss-class-suicide-hunter/chapter-67,2026-05-27T17:43:59.994454
68,64 – The Battle of Good and Evil (3),2656,[],[],https://novelfire.net/book/sss-class-suicide-hunter/chapter-68,2026-05-27T17:43:59.998467
69,65. [The Battle of Good and Evil. (4)],2832,[],[],https://novelfire.net/book/sss-class-suicide-hunter/chapter-69,2026-05-27T17:44:00.003006
70,66 [Heavenly Demon. (1)],3145,[],[],https://novelfire.net/book/sss-class-suicide-hunter/chapter-70,2026-05-27T17:44:00.007319
71,67. [Heavenly Demon. (2)],2562,[],[],https://novelfire.net/book/sss-class-suicide-hunter/chapter-71,2026-05-27T17:44:00.011563
72,68. [Heavenly Demon. (3)],2689,[],[],https://novelfire.net/book/sss-class-suicide-hunter/chapter-72,2026-05-27T17:44:00.015919
73,69. [The World of Dead Constellations. (1)],3345,[],[],https://novelfire.net/book/sss-class-suicide-hunter/chapter-73,2026-05-27T17:44:00.021375
74,70. [The World of Dead Constellations. (2)],2475,[],[],https://novelfire.net/book/sss-class-suicide-hunter/chapter-74,2026-05-27T17:44:00.026102
75,71. [The World of Dead Constellations. (3) ],3332,[],[],https://novelfire.net/book/sss-class-suicide-hunter/chapter-75,2026-05-27T17:44:00.031069
76,72. [The One Who Gathers Death. (1)],2214,[],[],https://novelfire.net/book/sss-class-suicide-hunter/chapter-76,2026-05-27T17:44:00.035793
77,73. [The One Who Gathers Death. (2)],2722,[],[],https://novelfire.net/book/sss-class-suicide-hunter/chapter-77,2026-05-27T17:44:00.040343
78,74. [The One Who Gathers Death. (3)],4037,[],[],https://novelfire.net/book/sss-class-suicide-hunter/chapter-78,2026-05-27T17:44:00.045116
79,75,2593,[],[],https://novelfire.net/book/sss-class-suicide-hunter/chapter-79,2026-05-27T17:44:00.049454
80,76,3585,[],[],https://novelfire.net/book/sss-class-suicide-hunter/chapter-80,2026-05-27T17:44:00.054814
81,77,2787,[],[],https://novelfire.net/book/sss-class-suicide-hunter/chapter-81,2026-05-27T17:44:00.059272
82,78. [The Scent of Snow. (1)],2830,[],[],https://novelfire.net/book/sss-class-suicide-hunter/chapter-82,2026-05-27T17:44:00.063521
83,79. [The Scent of Snow. (2) ],2717,[],[],https://novelfire.net/book/sss-class-suicide-hunter/chapter-83,2026-05-27T17:44:00.068509
84,80. [The Scent of Snow. (3)],2934,[],[],https://novelfire.net/book/sss-class-suicide-hunter/chapter-84,2026-05-27T17:44:00.072846
85,81. [The World’s Shabbiest. (1) ],2890,[],[],https://novelfire.net/book/sss-class-suicide-hunter/chapter-85,2026-05-27T17:44:00.077241
86,82. [The World’s Shabbiest. (2) ],2692,[],[],https://novelfire.net/book/sss-class-suicide-hunter/chapter-86,2026-05-27T17:44:00.082083
87,83. [Sword Dance. (1) ],2902,[],[],https://novelfire.net/book/sss-class-suicide-hunter/chapter-87,2026-05-27T17:44:00.086446
88,84. [ Sword Dance. (2) ],2671,[],[],https://novelfire.net/book/sss-class-suicide-hunter/chapter-88,2026-05-27T17:44:00.091210
89,85. [A Reader’s Mind. (1) ],2955,[],[],https://novelfire.net/book/sss-class-suicide-hunter/chapter-89,2026-05-27T17:44:00.096320
90,86. [A Reader’s Mind. (2) ],2459,[],[],https://novelfire.net/book/sss-class-suicide-hunter/chapter-90,2026-05-27T17:44:00.100316
91,87. [A Reader’s Mind. (3) ],2474,[],[],https://novelfire.net/book/sss-class-suicide-hunter/chapter-91,2026-05-27T17:44:00.104407
92,88. [Dead Ends are the Norm. (1) ],3219,[],[],https://novelfire.net/book/sss-class-suicide-hunter/chapter-92,2026-05-27T17:44:00.108684
93,89. [Dead Ends are the Norm. (2) ],2431,[],[],https://novelfire.net/book/sss-class-suicide-hunter/chapter-93,2026-05-27T17:44:00.113482
94,90. [Dead Ends are the Norm. (3) ],2395,[],[],https://novelfire.net/book/sss-class-suicide-hunter/chapter-94,2026-05-27T17:44:00.117671
95,91. [Fall In. (1) ],2309,[],[],https://novelfire.net/book/sss-class-suicide-hunter/chapter-95,2026-05-27T17:44:00.121921
96,92. [Fall In. (2) ],2439,[],[],https://novelfire.net/book/sss-class-suicide-hunter/chapter-96,2026-05-27T17:44:00.126260
97,93. [Fall in. (3) ],2370,[],[],https://novelfire.net/book/sss-class-suicide-hunter/chapter-97,2026-05-27T17:44:00.131132
98,94. [Villain. (1) ],2933,[],[],https://novelfire.net/book/sss-class-suicide-hunter/chapter-98,2026-05-27T17:44:00.135484
99,95. [Villain. (2) ],2353,[],[],https://novelfire.net/book/sss-class-suicide-hunter/chapter-99,2026-05-27T17:44:00.139583
100,96. [Villain. (3)],2603,[],[],https://novelfire.net/book/sss-class-suicide-hunter/chapter-100,2026-05-27T17:44:00.144344
101,97. [Your Heart. (1) ],2630,[],[],https://novelfire.net/book/sss-class-suicide-hunter/chapter-101,2026-05-27T17:44:00.152898
102,98. Your Heart. (2),2704,[],[],https://novelfire.net/book/sss-class-suicide-hunter/chapter-102,2026-05-27T17:44:00.157188
103,99. [Your Heart. (3) ],2930,[],[],https://novelfire.net/book/sss-class-suicide-hunter/chapter-103,2026-05-27T17:44:00.161726
104,100. [ Drama. (1) ],2400,[],[],https://novelfire.net/book/sss-class-suicide-hunter/chapter-104,2026-05-27T17:44:00.166705
105,101. [Drama. (2)],2400,[],[],https://novelfire.net/book/sss-class-suicide-hunter/chapter-105,2026-05-27T17:44:00.170969
106,102. [Drama. (3)],2496,[],[],https://novelfire.net/book/sss-class-suicide-hunter/chapter-106,2026-05-27T17:44:00.175487
107,103. [The Way He Loves. (1)],2577,[],[],https://novelfire.net/book/sss-class-suicide-hunter/chapter-107,2026-05-27T17:44:00.180004
108,104. [The Way He Loves. (2)],2592,[],[],https://novelfire.net/book/sss-class-suicide-hunter/chapter-108,2026-05-27T17:44:00.185368
109,105. [The Way He Loves. (3)],2168,[],[],https://novelfire.net/book/sss-class-suicide-hunter/chapter-109,2026-05-27T17:44:00.189435
110,106. [1 DAYS. (1)],2419,[],[],https://novelfire.net/book/sss-class-suicide-hunter/chapter-110,2026-05-27T17:44:00.193627
111,107. [1 DAYS. (2)],2346,[],[],https://novelfire.net/book/sss-class-suicide-hunter/chapter-111,2026-05-27T17:44:00.198885
112,108. [1 DAYS. (3)],2719,[],[],https://novelfire.net/book/sss-class-suicide-hunter/chapter-112,2026-05-27T17:44:00.203423
113,109. [The Way She Loves. (1)],2969,[],[],https://novelfire.net/book/sss-class-suicide-hunter/chapter-113,2026-05-27T17:44:00.208165
114,109.1 [Manwoojeol Extra],1471,[],[],https://novelfire.net/book/sss-class-suicide-hunter/chapter-114,2026-05-27T17:44:00.212337
115,110. [The Way She Loves. (2)],2324,[],[],https://novelfire.net/book/sss-class-suicide-hunter/chapter-115,2026-05-27T17:44:00.216550
116,111. [The Way She Loves. (3)],2489,[],[],https://novelfire.net/book/sss-class-suicide-hunter/chapter-116,2026-05-27T17:44:00.220775
117,112. [Holy War. (1)],3074,[],[],https://novelfire.net/book/sss-class-suicide-hunter/chapter-117,2026-05-27T17:44:00.225378
118,113. [Holy War. (2)],3375,[],[],https://novelfire.net/book/sss-class-suicide-hunter/chapter-118,2026-05-27T17:44:00.230382
119,114. [Holy War. (3)],2359,[],[],https://novelfire.net/book/sss-class-suicide-hunter/chapter-119,2026-05-27T17:44:00.234439
120,115. [Black Wedding. (1)],2905,[],[],https://novelfire.net/book/sss-class-suicide-hunter/chapter-120,2026-05-27T17:44:00.238906
121,116. [Black Wedding. (2)],2659,[],[],https://novelfire.net/book/sss-class-suicide-hunter/chapter-121,2026-05-27T17:44:00.243735
122,117. [Black Wedding. (3)],2090,[],[],https://novelfire.net/book/sss-class-suicide-hunter/chapter-122,2026-05-27T17:44:00.247819
123,118. [Black Wedding. (4)],2456,[],[],https://novelfire.net/book/sss-class-suicide-hunter/chapter-123,2026-05-27T17:44:00.252026
124,119. [Hero. (1)],2639,[],[],https://novelfire.net/book/sss-class-suicide-hunter/chapter-124,2026-05-27T17:44:00.256185
125,120. [Hero. (2)],2134,[],[],https://novelfire.net/book/sss-class-suicide-hunter/chapter-125,2026-05-27T17:44:00.260838
126,121. [Hero. (3)],2261,[],[],https://novelfire.net/book/sss-class-suicide-hunter/chapter-126,2026-05-27T17:44:00.265099
127,122. [Utopia. (1)],2263,[],[],https://novelfire.net/book/sss-class-suicide-hunter/chapter-127,2026-05-27T17:44:00.269150
128,123. [Utopia. (2)],2882,[],[],https://novelfire.net/book/sss-class-suicide-hunter/chapter-128,2026-05-27T17:44:00.273416
129,124. [Utopia. (3)],2385,[],[],https://novelfire.net/book/sss-class-suicide-hunter/chapter-129,2026-05-27T17:44:00.278284
130,125. [The Demon World. (1)],2526,[],[],https://novelfire.net/book/sss-class-suicide-hunter/chapter-130,2026-05-27T17:44:00.282493
131,126. [The Demon World. (2)],3140,[],[],https://novelfire.net/book/sss-class-suicide-hunter/chapter-131,2026-05-27T17:44:00.287070
132,127. [The Demon World. (3)],2704,[],[],https://novelfire.net/book/sss-class-suicide-hunter/chapter-132,2026-05-27T17:44:00.291803
133,128. [Compatriot. (1)],2270,[],[],https://novelfire.net/book/sss-class-suicide-hunter/chapter-133,2026-05-27T17:44:00.296109
134,129. [Compatriot. (2)],3222,[],[],https://novelfire.net/book/sss-class-suicide-hunter/chapter-134,2026-05-27T17:44:00.300599
135,130. [Compatriot. (3)],2302,[],[],https://novelfire.net/book/sss-class-suicide-hunter/chapter-135,2026-05-27T17:44:00.304612
136,131. [Wasteland. (1)],2535,[],[],https://novelfire.net/book/sss-class-suicide-hunter/chapter-136,2026-05-27T17:44:00.309559
137,132. [Wasteland. (2)],2227,[],[],https://novelfire.net/book/sss-class-suicide-hunter/chapter-137,2026-05-27T17:44:00.313818
138,133. [¦¦. (1)],2773,[],[],https://novelfire.net/book/sss-class-suicide-hunter/chapter-138,2026-05-27T17:44:00.318194
139,134. [¦¦. (2)],2969,[],[],https://novelfire.net/book/sss-class-suicide-hunter/chapter-139,2026-05-27T17:44:00.327571
140,135. [¦¦. (3)],2454,[],[],https://novelfire.net/book/sss-class-suicide-hunter/chapter-140,2026-05-27T17:44:00.331995
141,136. [Surviving (1)],2308,[],[],https://novelfire.net/book/sss-class-suicide-hunter/chapter-141,2026-05-27T17:44:00.336082
142,137. [Surviving (2)],2816,[],[],https://novelfire.net/book/sss-class-suicide-hunter/chapter-142,2026-05-27T17:44:00.340431
143,138. [Surviving (3)],2547,[],[],https://novelfire.net/book/sss-class-suicide-hunter/chapter-143,2026-05-27T17:44:00.345326
144,139. [Latecomer. (1)],2402,[],[],https://novelfire.net/book/sss-class-suicide-hunter/chapter-144,2026-05-27T17:44:00.349351
145,140. [Latecomer. (2)],2622,[],[],https://novelfire.net/book/sss-class-suicide-hunter/chapter-145,2026-05-27T17:44:00.353764
146,141 [Latecomer. (3)],3098,[],[],https://novelfire.net/book/sss-class-suicide-hunter/chapter-146,2026-05-27T17:44:00.359102
147,142. [Rooftop. (1)],2513,[],[],https://novelfire.net/book/sss-class-suicide-hunter/chapter-147,2026-05-27T17:44:00.363102
148,143. [Rooftop. (2)],2336,[],[],https://novelfire.net/book/sss-class-suicide-hunter/chapter-148,2026-05-27T17:44:00.367172
149,144 [Rooftop. (3)],2438,[],[],https://novelfire.net/book/sss-class-suicide-hunter/chapter-149,2026-05-27T17:44:00.371225
150,145. [Friend. (1)],2246,[],[],https://novelfire.net/book/sss-class-suicide-hunter/chapter-150,2026-05-27T17:44:00.375614
151,146. [Friend. (2)],2987,[],[],https://novelfire.net/book/sss-class-suicide-hunter/chapter-151,2026-05-27T17:44:00.380067
152,147. [Friend. (3)],2915,[],[],https://novelfire.net/book/sss-class-suicide-hunter/chapter-152,2026-05-27T17:44:00.384275
153,148. [Prologue. (1)],1985,[],[],https://novelfire.net/book/sss-class-suicide-hunter/chapter-153,2026-05-27T17:44:00.388158
154,149. [Prologue. (2)],2453,[],[],https://novelfire.net/book/sss-class-suicide-hunter/chapter-154,2026-05-27T17:44:00.393023
155,150. [Prologue. (3)],2231,[],[],https://novelfire.net/book/sss-class-suicide-hunter/chapter-155,2026-05-27T17:44:00.397086
156,151. [Prologue. (4)],2926,[],[],https://novelfire.net/book/sss-class-suicide-hunter/chapter-156,2026-05-27T17:44:00.401446
157,152. [Soaring. (1)],2380,[],[],https://novelfire.net/book/sss-class-suicide-hunter/chapter-157,2026-05-27T17:44:00.406154
158,153. [Soaring. (2)],2778,[],[],https://novelfire.net/book/sss-class-suicide-hunter/chapter-158,2026-05-27T17:44:00.410511
159,154. [Soaring. (3)],2819,[],[],https://novelfire.net/book/sss-class-suicide-hunter/chapter-159,2026-05-27T17:44:00.414861
160,155. [Becoming a God. (1)],3172,[],[],https://novelfire.net/book/sss-class-suicide-hunter/chapter-160,2026-05-27T17:44:00.419699
161,156. [Becoming a God. (2)],2553,[],[],https://novelfire.net/book/sss-class-suicide-hunter/chapter-161,2026-05-27T17:44:00.424471
162,156. [Becoming a God. (3)],2591,[],[],https://novelfire.net/book/sss-class-suicide-hunter/chapter-162,2026-05-27T17:44:00.429012
163,158. [The Great Snail Empire. (1)],2601,[],[],https://novelfire.net/book/sss-class-suicide-hunter/chapter-163,2026-05-27T17:44:00.433083
164,159. [The Great Snail Empire. (2)],2002,[],[],https://novelfire.net/book/sss-class-suicide-hunter/chapter-164,2026-05-27T17:44:00.437399
165,160. [The Great Snail Empire. (3)],2438,[],[],https://novelfire.net/book/sss-class-suicide-hunter/chapter-165,2026-05-27T17:44:00.441479
166,161. [Cave Fire (1)],2320,[],[],https://novelfire.net/book/sss-class-suicide-hunter/chapter-166,2026-05-27T17:44:00.445704
167,162. [Cave Fire (2)],2152,[],[],https://novelfire.net/book/sss-class-suicide-hunter/chapter-167,2026-05-27T17:44:00.449686
168,163. [Cave Fire (3)],2169,[],[],https://novelfire.net/book/sss-class-suicide-hunter/chapter-168,2026-05-27T17:44:00.454260
169,"164. [Rain, Mud, and Fire (1)]",2399,[],[],https://novelfire.net/book/sss-class-suicide-hunter/chapter-169,2026-05-27T17:44:00.458299
170,"165. [Rain, Mud, and Fire (2)]",2418,[],[],https://novelfire.net/book/sss-class-suicide-hunter/chapter-170,2026-05-27T17:44:00.462534
171,"166. [Rain, Mud, and Fire (3)]",2731,[],[],https://novelfire.net/book/sss-class-suicide-hunter/chapter-171,2026-05-27T17:44:00.466939
172,"167. [Rain, Mud, and Fire (4)]",2754,[],[],https://novelfire.net/book/sss-class-suicide-hunter/chapter-172,2026-05-27T17:44:00.471841
173,168. [The Gap Between Master and Friend (1)],2184,[],[],https://novelfire.net/book/sss-class-suicide-hunter/chapter-173,2026-05-27T17:44:00.475683
174,169. [The Gap Between Master and Friend (2)],2326,[],[],https://novelfire.net/book/sss-class-suicide-hunter/chapter-174,2026-05-27T17:44:00.479765
175,170. [The Gap Between Master and Friend (3)],2489,[],[],https://novelfire.net/book/sss-class-suicide-hunter/chapter-175,2026-05-27T17:44:00.484405
176,171. [Fight for The Holy Land (1)],2501,[],[],https://novelfire.net/book/sss-class-suicide-hunter/chapter-176,2026-05-27T17:44:00.488377
177,172. [Fight for The Holy Land (2)],2501,[],[],https://novelfire.net/book/sss-class-suicide-hunter/chapter-177,2026-05-27T17:44:00.492360
178,173. [Fight for The Holy Land (3)],2872,[],[],https://novelfire.net/book/sss-class-suicide-hunter/chapter-178,2026-05-27T17:44:00.496495
179,174. [My Son is too Strong (1)],2757,[],[],https://novelfire.net/book/sss-class-suicide-hunter/chapter-179,2026-05-27T17:44:00.505306
180,175. [My Son is too Strong (2)],2519,[],[],https://novelfire.net/book/sss-class-suicide-hunter/chapter-180,2026-05-27T17:44:00.509523
181,176. [My Son is too Strong (3)],2643,[],[],https://novelfire.net/book/sss-class-suicide-hunter/chapter-181,2026-05-27T17:44:00.513495
182,177. [The Giant’s Legacy (1)],2656,[],[],https://novelfire.net/book/sss-class-suicide-hunter/chapter-182,2026-05-27T17:44:00.517497
183,178. [The Giant’s Legacy (2)],2288,[],[],https://novelfire.net/book/sss-class-suicide-hunter/chapter-183,2026-05-27T17:44:00.522232
184,179. [The Giant’s Legacy (3)],2987,[],[],https://novelfire.net/book/sss-class-suicide-hunter/chapter-184,2026-05-27T17:44:00.526450
185,180. [Our Children have Changed (1)],2257,[],[],https://novelfire.net/book/sss-class-suicide-hunter/chapter-185,2026-05-27T17:44:00.530297
186,181. [Our Children have Changed (2)],2536,[],[],https://novelfire.net/book/sss-class-suicide-hunter/chapter-186,2026-05-27T17:44:00.534214
187,182. [Our Children have Changed (3)],2837,[],[],https://novelfire.net/book/sss-class-suicide-hunter/chapter-187,2026-05-27T17:44:00.539109
188,183. [Rookie Actor (1)],2860,[],[],https://novelfire.net/book/sss-class-suicide-hunter/chapter-188,2026-05-27T17:44:00.543202
189,184. [Rookie Actor (2)],2806,[],[],https://novelfire.net/book/sss-class-suicide-hunter/chapter-189,2026-05-27T17:44:00.547273
190,185. [Rookie Actor (3)],2439,[],[],https://novelfire.net/book/sss-class-suicide-hunter/chapter-190,2026-05-27T17:44:00.551668
191,186. [Blaze (1)],2262,[],[],https://novelfire.net/book/sss-class-suicide-hunter/chapter-191,2026-05-27T17:44:00.555560
192,187. [Blaze (2)],2135,[],[],https://novelfire.net/book/sss-class-suicide-hunter/chapter-192,2026-05-27T17:44:00.559798
193,188. [Blaze (3)],2717,[],[],https://novelfire.net/book/sss-class-suicide-hunter/chapter-193,2026-05-27T17:44:00.564134
194,189. [Prima Donna (1)],2484,[],[],https://novelfire.net/book/sss-class-suicide-hunter/chapter-194,2026-05-27T17:44:00.568889
195,190. [Prima Donna (2)],2731,[],[],https://novelfire.net/book/sss-class-suicide-hunter/chapter-195,2026-05-27T17:44:00.573120
196,191. [Prima Donna (3)],2127,[],[],https://novelfire.net/book/sss-class-suicide-hunter/chapter-196,2026-05-27T17:44:00.577261
197,192. [Prima Donna (4)],2344,[],[],https://novelfire.net/book/sss-class-suicide-hunter/chapter-197,2026-05-27T17:44:00.581979
198,193. [I didn’t mean to do that (1)],2333,[],[],https://novelfire.net/book/sss-class-suicide-hunter/chapter-198,2026-05-27T17:44:00.585966
199,194. [I didn’t mean to do that (2)],2387,[],[],https://novelfire.net/book/sss-class-suicide-hunter/chapter-199,2026-05-27T17:44:00.590017
200,195. [I didn’t mean to do that (3)],2225,[],[],https://novelfire.net/book/sss-class-suicide-hunter/chapter-200,2026-05-27T17:44:00.594052
201,196. [Room and Board(1)],2308,[],[],https://novelfire.net/book/sss-class-suicide-hunter/chapter-201,2026-05-27T17:44:00.598902
202,197. [Room and Board(2)],2749,[],[],https://novelfire.net/book/sss-class-suicide-hunter/chapter-202,2026-05-27T17:44:00.603441
203,198. [Erosion(3)],2243,[],[],https://novelfire.net/book/sss-class-suicide-hunter/chapter-203,2026-05-27T17:44:00.610343
204,199. [Reflection in the Mirror(1)],2319,[],[],https://novelfire.net/book/sss-class-suicide-hunter/chapter-204,2026-05-27T17:44:00.615289
205,200. [Reflection in the Mirror(2)],2174,[],[],https://novelfire.net/book/sss-class-suicide-hunter/chapter-205,2026-05-27T17:44:00.621142
206,201. [Reflection in the Mirror(3)],2524,[],[],https://novelfire.net/book/sss-class-suicide-hunter/chapter-206,2026-05-27T17:44:00.625658
207,202. [Black Dragon(1)],2327,[],[],https://novelfire.net/book/sss-class-suicide-hunter/chapter-207,2026-05-27T17:44:00.630230
208,203. [Black Dragon(2)],2135,[],[],https://novelfire.net/book/sss-class-suicide-hunter/chapter-208,2026-05-27T17:44:00.634493
209,204. [Black Dragon(3)],2503,[],[],https://novelfire.net/book/sss-class-suicide-hunter/chapter-209,2026-05-27T17:44:00.639553
210,205. [Easter Egg(1)],2341,[],[],https://novelfire.net/book/sss-class-suicide-hunter/chapter-210,2026-05-27T17:44:00.643925
211,206 - Easter Egg(2) >,2259,[],[],https://novelfire.net/book/sss-class-suicide-hunter/chapter-211,2026-05-27T17:44:00.648290
212,207. Easter Egg(3),2305,[],[],https://novelfire.net/book/sss-class-suicide-hunter/chapter-212,2026-05-27T17:44:00.653637
213,208. Cheat(1),2336,[],[],https://novelfire.net/book/sss-class-suicide-hunter/chapter-213,2026-05-27T17:44:00.657741
214,209. Cheat(2),2516,[],[],https://novelfire.net/book/sss-class-suicide-hunter/chapter-214,2026-05-27T17:44:00.662023
215,210. Cheat(3),2482,[],[],https://novelfire.net/book/sss-class-suicide-hunter/chapter-215,2026-05-27T17:44:00.666264
216,211. God’s Possession (1),2692,[],[],https://novelfire.net/book/sss-class-suicide-hunter/chapter-216,2026-05-27T17:44:00.671177
217,212. God’s Possession (2),2533,[],[],https://novelfire.net/book/sss-class-suicide-hunter/chapter-217,2026-05-27T17:44:00.675277
218,213. God’s Possession (3),3215,[],[],https://novelfire.net/book/sss-class-suicide-hunter/chapter-218,2026-05-27T17:44:00.679685
219,214. Someone’s Lord (1),2327,[],[],https://novelfire.net/book/sss-class-suicide-hunter/chapter-219,2026-05-27T17:44:00.684291
220,215. Someone’s Lord (2),3475,[],[],https://novelfire.net/book/sss-class-suicide-hunter/chapter-220,2026-05-27T17:44:00.694142
221,216. Someone’s Lord (3),2852,[],[],https://novelfire.net/book/sss-class-suicide-hunter/chapter-221,2026-05-27T17:44:00.698462
222,217,2215,[],[],https://novelfire.net/book/sss-class-suicide-hunter/chapter-222,2026-05-27T17:44:00.702364
223,218,2883,[],[],https://novelfire.net/book/sss-class-suicide-hunter/chapter-223,2026-05-27T17:44:00.707247
224,219,2951,[],[],https://novelfire.net/book/sss-class-suicide-hunter/chapter-224,2026-05-27T17:44:00.711445
225,220,2930,[],[],https://novelfire.net/book/sss-class-suicide-hunter/chapter-225,2026-05-27T17:44:00.715422
226,221,3142,[],[],https://novelfire.net/book/sss-class-suicide-hunter/chapter-226,2026-05-27T17:44:00.719915
227,222,2926,[],[],https://novelfire.net/book/sss-class-suicide-hunter/chapter-227,2026-05-27T17:44:00.725063
228,223,2373,[],[],https://novelfire.net/book/sss-class-suicide-hunter/chapter-228,2026-05-27T17:44:00.728935
229,224,2028,[],[],https://novelfire.net/book/sss-class-suicide-hunter/chapter-229,2026-05-27T17:44:00.732891
230,225,2589,[],[],https://novelfire.net/book/sss-class-suicide-hunter/chapter-230,2026-05-27T17:44:00.737504
231,226,2702,[],[],https://novelfire.net/book/sss-class-suicide-hunter/chapter-231,2026-05-27T17:44:00.741774
232,227,2683,[],[],https://novelfire.net/book/sss-class-suicide-hunter/chapter-232,2026-05-27T17:44:00.746102
233,228,3887,[],[],https://novelfire.net/book/sss-class-suicide-hunter/chapter-233,2026-05-27T17:44:00.752024
234,229,3138,[],[],https://novelfire.net/book/sss-class-suicide-hunter/chapter-234,2026-05-27T17:44:00.756566
235,230,3483,[],[],https://novelfire.net/book/sss-class-suicide-hunter/chapter-235,2026-05-27T17:44:00.761535
236,231,2796,[],[],https://novelfire.net/book/sss-class-suicide-hunter/chapter-236,2026-05-27T17:44:00.766636
237,232,1943,[],[],https://novelfire.net/book/sss-class-suicide-hunter/chapter-237,2026-05-27T17:44:00.770715
238,233,2747,[],[],https://novelfire.net/book/sss-class-suicide-hunter/chapter-238,2026-05-27T17:44:00.775438
239,234,2467,[],[],https://novelfire.net/book/sss-class-suicide-hunter/chapter-239,2026-05-27T17:44:00.779622
240,235,2570,[],[],https://novelfire.net/book/sss-class-suicide-hunter/chapter-240,2026-05-27T17:44:00.784485
241,236,2872,[],[],https://novelfire.net/book/sss-class-suicide-hunter/chapter-241,2026-05-27T17:44:00.788806
242,237,2112,[],[],https://novelfire.net/book/sss-class-suicide-hunter/chapter-242,2026-05-27T17:44:00.792771
243,238,2912,[],[],https://novelfire.net/book/sss-class-suicide-hunter/chapter-243,2026-05-27T17:44:00.797060
244,239,3058,[],[],https://novelfire.net/book/sss-class-suicide-hunter/chapter-244,2026-05-27T17:44:00.802136
245,240,2331,[],[],https://novelfire.net/book/sss-class-suicide-hunter/chapter-245,2026-05-27T17:44:00.806223
246,241: We Sat in the Living Room of an Old City(2),2687,[],[],https://novelfire.net/book/sss-class-suicide-hunter/chapter-246,2026-05-27T17:44:00.810520
247,242: We Sat in the Living Room of an Old City(3),2604,[],[],https://novelfire.net/book/sss-class-suicide-hunter/chapter-247,2026-05-27T17:44:00.815453
248,243: Era of Heroes(1),2801,[],[],https://novelfire.net/book/sss-class-suicide-hunter/chapter-248,2026-05-27T17:44:00.819546
249,244: Era of Heroes(2),2457,[],[],https://novelfire.net/book/sss-class-suicide-hunter/chapter-249,2026-05-27T17:44:00.823522
250,245: Era of Heroes(3),3365,[],[],https://novelfire.net/book/sss-class-suicide-hunter/chapter-250,2026-05-27T17:44:00.827964
251,246: Chun Mu-mun Master(1),2098,[],[],https://novelfire.net/book/sss-class-suicide-hunter/chapter-251,2026-05-27T17:44:00.832471
252,247,2190,[],[],https://novelfire.net/book/sss-class-suicide-hunter/chapter-252,2026-05-27T17:44:00.836473
253,248,3588,[],[],https://novelfire.net/book/sss-class-suicide-hunter/chapter-253,2026-05-27T17:44:00.841049
254,249,3036,[],[],https://novelfire.net/book/sss-class-suicide-hunter/chapter-254,2026-05-27T17:44:00.845717
255,250,2103,[],[],https://novelfire.net/book/sss-class-suicide-hunter/chapter-255,2026-05-27T17:44:00.849578
256,251,2280,[],[],https://novelfire.net/book/sss-class-suicide-hunter/chapter-256,2026-05-27T17:44:00.853504
257,252,3132,[],[],https://novelfire.net/book/sss-class-suicide-hunter/chapter-257,2026-05-27T17:44:00.857868
258,253,2492,[],[],https://novelfire.net/book/sss-class-suicide-hunter/chapter-258,2026-05-27T17:44:00.867304
259,254,2900,[],[],https://novelfire.net/book/sss-class-suicide-hunter/chapter-259,2026-05-27T17:44:00.871578
260,255,2279,[],[],https://novelfire.net/book/sss-class-suicide-hunter/chapter-260,2026-05-27T17:44:00.875552
261,256,2390,[],[],https://novelfire.net/book/sss-class-suicide-hunter/chapter-261,2026-05-27T17:44:00.879609
262,257,3019,[],[],https://novelfire.net/book/sss-class-suicide-hunter/chapter-262,2026-05-27T17:44:00.884554
263,258: Seal the Dragon(龍封) (1),2793,[],[],https://novelfire.net/book/sss-class-suicide-hunter/chapter-263,2026-05-27T17:44:00.888606
264,259,2339,[],[],https://novelfire.net/book/sss-class-suicide-hunter/chapter-264,2026-05-27T17:44:00.892405
265,260,3876,[],[],https://novelfire.net/book/sss-class-suicide-hunter/chapter-265,2026-05-27T17:44:00.897835
266,261: Image Breaking(Iconoclasm) (1),2708,[],[],https://novelfire.net/book/sss-class-suicide-hunter/chapter-266,2026-05-27T17:44:00.902154
267,262: Image Breaking(Iconoclasm) (2),2816,[],[],https://novelfire.net/book/sss-class-suicide-hunter/chapter-267,2026-05-27T17:44:00.906127
268,263: Image Breaking(Iconoclasm) (3),2922,[],[],https://novelfire.net/book/sss-class-suicide-hunter/chapter-268,2026-05-27T17:44:00.910174
269,264: Family Discussion (1) C.265: Family Discussion (2),6539,[],[],https://novelfire.net/book/sss-class-suicide-hunter/chapter-269,2026-05-27T17:44:00.916459
270,265: Family Discussion (2),3308,[],[],https://novelfire.net/book/sss-class-suicide-hunter/chapter-270,2026-05-27T17:44:00.920794
271,266: Family Discussion (3),2939,[],[],https://novelfire.net/book/sss-class-suicide-hunter/chapter-271,2026-05-27T17:44:00.925126
272,267: Family Discussion (4),3394,[],[],https://novelfire.net/book/sss-class-suicide-hunter/chapter-272,2026-05-27T17:44:00.930272
273,268: White Lion Religion (1),2989,[],[],https://novelfire.net/book/sss-class-suicide-hunter/chapter-273,2026-05-27T17:44:00.934877
274,269: White Lion Religion (2),2190,[],[],https://novelfire.net/book/sss-class-suicide-hunter/chapter-274,2026-05-27T17:44:00.938601
275,270: White Lion Religion (3),2208,[],[],https://novelfire.net/book/sss-class-suicide-hunter/chapter-275,2026-05-27T17:44:00.942663
276,271: Hidden Message (1),2864,[],[],https://novelfire.net/book/sss-class-suicide-hunter/chapter-276,2026-05-27T17:44:00.947621
277,272: Hidden Message (2),2102,[],[],https://novelfire.net/book/sss-class-suicide-hunter/chapter-277,2026-05-27T17:44:00.951503
278,273: Hidden Message (3),2547,[],[],https://novelfire.net/book/sss-class-suicide-hunter/chapter-278,2026-05-27T17:44:00.955558
279,274: Swordsman (1),2288,[],[],https://novelfire.net/book/sss-class-suicide-hunter/chapter-279,2026-05-27T17:44:00.960346
280,275: Swordsman (2),2130,[],[],https://novelfire.net/book/sss-class-suicide-hunter/chapter-280,2026-05-27T17:44:00.964386
281,276: Orthodox Faction (1),1685,[],[],https://novelfire.net/book/sss-class-suicide-hunter/chapter-281,2026-05-27T17:44:00.968025
282,277: Orthodox Faction (2),2364,[],[],https://novelfire.net/book/sss-class-suicide-hunter/chapter-282,2026-05-27T17:44:00.972107
283,278: Orthodox Faction (3),2399,[],[],https://novelfire.net/book/sss-class-suicide-hunter/chapter-283,2026-05-27T17:44:00.976895
284,279: Orthodox Faction (4),2921,[],[],https://novelfire.net/book/sss-class-suicide-hunter/chapter-284,2026-05-27T17:44:00.981128
285,280: The Last Vote (1),2591,[],[],https://novelfire.net/book/sss-class-suicide-hunter/chapter-285,2026-05-27T17:44:00.985385
286,281: The Last Vote (2),2307,[],[],https://novelfire.net/book/sss-class-suicide-hunter/chapter-286,2026-05-27T17:44:00.990316
287,282: The Last Vote (3),2183,[],[],https://novelfire.net/book/sss-class-suicide-hunter/chapter-287,2026-05-27T17:44:00.994254
288,283: The Last Vote (4),3004,[],[],https://novelfire.net/book/sss-class-suicide-hunter/chapter-288,2026-05-27T17:44:00.998618
289,284: The Last Vote (5),2491,[],[],https://novelfire.net/book/sss-class-suicide-hunter/chapter-289,2026-05-27T17:44:01.003022
290,285: The Last Vote (6),1945,[],[],https://novelfire.net/book/sss-class-suicide-hunter/chapter-290,2026-05-27T17:44:01.008004
291,286: The Last Vote. (7) (1 END),2056,[],[],https://novelfire.net/book/sss-class-suicide-hunter/chapter-291,2026-05-27T17:44:01.011981
292,287: 50th Floor (1),2036,[],[],https://novelfire.net/book/sss-class-suicide-hunter/chapter-292,2026-05-27T17:44:01.016011
293,288: 50th Floor. (2),2164,[],[],https://novelfire.net/book/sss-class-suicide-hunter/chapter-293,2026-05-27T17:44:01.020062
294,289: 50th Floor (3),2457,[],[],https://novelfire.net/book/sss-class-suicide-hunter/chapter-294,2026-05-27T17:44:01.025019
295,290: Abandoned Disciples (1),2289,[],[],https://novelfire.net/book/sss-class-suicide-hunter/chapter-295,2026-05-27T17:44:01.029281
296,291: Abandoned Disciples (2),2413,[],[],https://novelfire.net/book/sss-class-suicide-hunter/chapter-296,2026-05-27T17:44:01.034262
297,292: Abandoned Disciples (3),2485,[],[],https://novelfire.net/book/sss-class-suicide-hunter/chapter-297,2026-05-27T17:44:01.039362
298,293: Return of the Sword Emperor (1),2522,[],[],https://novelfire.net/book/sss-class-suicide-hunter/chapter-298,2026-05-27T17:44:01.050194
299,294: Return of the Sword Emperor (2),2157,[],[],https://novelfire.net/book/sss-class-suicide-hunter/chapter-299,2026-05-27T17:44:01.055059
300,295: Return of the Sword Emperor (3),2719,[],[],https://novelfire.net/book/sss-class-suicide-hunter/chapter-300,2026-05-27T17:44:01.060395
301,296: He's a Legend (1),2385,[],[],https://novelfire.net/book/sss-class-suicide-hunter/chapter-301,2026-05-27T17:44:01.065960
302,297: He's a Legend (2),2503,[],[],https://novelfire.net/book/sss-class-suicide-hunter/chapter-302,2026-05-27T17:44:01.071136
303,298: He's a Legend (3),2359,[],[],https://novelfire.net/book/sss-class-suicide-hunter/chapter-303,2026-05-27T17:44:01.075909
304,299: The Grand Campaign (1),2499,[],[],https://novelfire.net/book/sss-class-suicide-hunter/chapter-304,2026-05-27T17:44:01.081206
305,300: The Grand Campaign (2),2165,[],[],https://novelfire.net/book/sss-class-suicide-hunter/chapter-305,2026-05-27T17:44:01.087190
306,301: The Grand Campaign (3),2288,[],[],https://novelfire.net/book/sss-class-suicide-hunter/chapter-306,2026-05-27T17:44:01.091838
307,302: Grey Spider (1),2367,[],[],https://novelfire.net/book/sss-class-suicide-hunter/chapter-307,2026-05-27T17:44:01.096215
308,303: Grey Spider (2),2448,[],[],https://novelfire.net/book/sss-class-suicide-hunter/chapter-308,2026-05-27T17:44:01.100564
309,304: Grey Spider (3),2462,[],[],https://novelfire.net/book/sss-class-suicide-hunter/chapter-309,2026-05-27T17:44:01.105436
310,305: Reunion (1),2646,[],[],https://novelfire.net/book/sss-class-suicide-hunter/chapter-310,2026-05-27T17:44:01.109938
311,306: Reunion (2),2005,[],[],https://novelfire.net/book/sss-class-suicide-hunter/chapter-311,2026-05-27T17:44:01.114781
312,307: Reunion (3),2517,[],[],https://novelfire.net/book/sss-class-suicide-hunter/chapter-312,2026-05-27T17:44:01.120174
313,308: Layer by Layer (1),2071,[],[],https://novelfire.net/book/sss-class-suicide-hunter/chapter-313,2026-05-27T17:44:01.124735
314,309: Layer by Layer (2),2269,[],[],https://novelfire.net/book/sss-class-suicide-hunter/chapter-314,2026-05-27T17:44:01.129324
315,310: Layer by Layer (3),2752,[],[],https://novelfire.net/book/sss-class-suicide-hunter/chapter-315,2026-05-27T17:44:01.133783
316,311: The Next World (1),3107,[],[],https://novelfire.net/book/sss-class-suicide-hunter/chapter-316,2026-05-27T17:44:01.139174
317,312: The Next World: (2),3219,[],[],https://novelfire.net/book/sss-class-suicide-hunter/chapter-317,2026-05-27T17:44:01.143705
318,313: The Next World (3),2226,[],[],https://novelfire.net/book/sss-class-suicide-hunter/chapter-318,2026-05-27T17:44:01.147686
319,314: I'm a Fan (1),2175,[],[],https://novelfire.net/book/sss-class-suicide-hunter/chapter-319,2026-05-27T17:44:01.152549
320,315: I'm a Fan (2),2234,[],[],https://novelfire.net/book/sss-class-suicide-hunter/chapter-320,2026-05-27T17:44:01.156703
321,316: I'm a Fan (3),2133,[],[],https://novelfire.net/book/sss-class-suicide-hunter/chapter-321,2026-05-27T17:44:01.160769
322,317: The Time Frontline of Two People (1),3023,[],[],https://novelfire.net/book/sss-class-suicide-hunter/chapter-322,2026-05-27T17:44:01.165662
323,318: The Time Front of Two People (2),2088,[],[],https://novelfire.net/book/sss-class-suicide-hunter/chapter-323,2026-05-27T17:44:01.170676
324,319: Infernal Path (1),2597,[],[],https://novelfire.net/book/sss-class-suicide-hunter/chapter-324,2026-05-27T17:44:01.175049
325,320: Infernal Path (2),2310,[],[],https://novelfire.net/book/sss-class-suicide-hunter/chapter-325,2026-05-27T17:44:01.179357
326,321: Infernal Path (3),2304,[],[],https://novelfire.net/book/sss-class-suicide-hunter/chapter-326,2026-05-27T17:44:01.184426
327,322: ■■■ only for you (1),2104,[],[],https://novelfire.net/book/sss-class-suicide-hunter/chapter-327,2026-05-27T17:44:01.188705
328,323: ■■■ only for you (2),2496,[],[],https://novelfire.net/book/sss-class-suicide-hunter/chapter-328,2026-05-27T17:44:01.193481
329,324: A Music Box Only for You (3),2203,[],[],https://novelfire.net/book/sss-class-suicide-hunter/chapter-329,2026-05-27T17:44:01.197433
330,325: God and King (1),2534,[],[],https://novelfire.net/book/sss-class-suicide-hunter/chapter-330,2026-05-27T17:44:01.202743
331,326: God and King (2),2114,[],[],https://novelfire.net/book/sss-class-suicide-hunter/chapter-331,2026-05-27T17:44:01.207420
332,327: God and King (3),2319,[],[],https://novelfire.net/book/sss-class-suicide-hunter/chapter-332,2026-05-27T17:44:01.211862
333,328: Starlight (1),2082,[],[],https://novelfire.net/book/sss-class-suicide-hunter/chapter-333,2026-05-27T17:44:01.216897
334,329: Starlight (2),2021,[],[],https://novelfire.net/book/sss-class-suicide-hunter/chapter-334,2026-05-27T17:44:01.221099
335,330: Starlight (3),2290,[],[],https://novelfire.net/book/sss-class-suicide-hunter/chapter-335,2026-05-27T17:44:01.225410
336,331: Glass Palace (1),2215,[],[],https://novelfire.net/book/sss-class-suicide-hunter/chapter-336,2026-05-27T17:44:01.229583
337,332: Glass Palace (2),2679,[],[],https://novelfire.net/book/sss-class-suicide-hunter/chapter-337,2026-05-27T17:44:01.239487
338,334: The Constellations' Auction (1),2081,[],[],https://novelfire.net/book/sss-class-suicide-hunter/chapter-338,2026-05-27T17:44:01.243679
339,335: The Constellations' Auction. (2),2241,[],[],https://novelfire.net/book/sss-class-suicide-hunter/chapter-339,2026-05-27T17:44:01.247711
340,336: The Constellations' Auction. (3),2184,[],[],https://novelfire.net/book/sss-class-suicide-hunter/chapter-340,2026-05-27T17:44:01.251864
341,337: Blood and Alcohol (1),2448,[],[],https://novelfire.net/book/sss-class-suicide-hunter/chapter-341,2026-05-27T17:44:01.256647
342,338: Blood and Alcohol (2),2203,[],[],https://novelfire.net/book/sss-class-suicide-hunter/chapter-342,2026-05-27T17:44:01.260783
343,339: Blood and Alcohol (3),2742,[],[],https://novelfire.net/book/sss-class-suicide-hunter/chapter-343,2026-05-27T17:44:01.265296
344,340: Absolute Music Part (1),2277,[],[],https://novelfire.net/book/sss-class-suicide-hunter/chapter-344,2026-05-27T17:44:01.269727
345,341: Absolute Music Part (2),2084,[],[],https://novelfire.net/book/sss-class-suicide-hunter/chapter-345,2026-05-27T17:44:01.273866
346,342: Absolute Music Part (3),2453,[],[],https://novelfire.net/book/sss-class-suicide-hunter/chapter-346,2026-05-27T17:44:01.278254
347,343: Absolute Music Part (4),2034,[],[],https://novelfire.net/book/sss-class-suicide-hunter/chapter-347,2026-05-27T17:44:01.282670
348,344: Full Moon Voyage (1),2129,[],[],https://novelfire.net/book/sss-class-suicide-hunter/chapter-348,2026-05-27T17:44:01.287506
349,345: Full Moon Voyage (2),2041,[],[],https://novelfire.net/book/sss-class-suicide-hunter/chapter-349,2026-05-27T17:44:01.291622
350,346: Full Moon Voyage (3),2208,[],[],https://novelfire.net/book/sss-class-suicide-hunter/chapter-350,2026-05-27T17:44:01.295604
351,347: Full Moon Voyage (4),2014,[],[],https://novelfire.net/book/sss-class-suicide-hunter/chapter-351,2026-05-27T17:44:01.299410
352,348: Full Moon Voyage (5),2380,[],[],https://novelfire.net/book/sss-class-suicide-hunter/chapter-352,2026-05-27T17:44:01.304219
353,349: Full Moon Voyage (6),2116,[],[],https://novelfire.net/book/sss-class-suicide-hunter/chapter-353,2026-05-27T17:44:01.308078
354,350: White End Point (1),2450,[],[],https://novelfire.net/book/sss-class-suicide-hunter/chapter-354,2026-05-27T17:44:01.312037
355,351: White End Point (2),2178,[],[],https://novelfire.net/book/sss-class-suicide-hunter/chapter-355,2026-05-27T17:44:01.316048
356,352: White End Point (3),2434,[],[],https://novelfire.net/book/sss-class-suicide-hunter/chapter-356,2026-05-27T17:44:01.320586
357,353: White End Point (4),2586,[],[],https://novelfire.net/book/sss-class-suicide-hunter/chapter-357,2026-05-27T17:44:01.324675
358,354: White End Point (5),2350,[],[],https://novelfire.net/book/sss-class-suicide-hunter/chapter-358,2026-05-27T17:44:01.328495
359,355: White End Point (6),2397,[],[],https://novelfire.net/book/sss-class-suicide-hunter/chapter-359,2026-05-27T17:44:01.332482
360,356: Return to the Origin (1),2117,[],[],https://novelfire.net/book/sss-class-suicide-hunter/chapter-360,2026-05-27T17:44:01.337015
361,357: Return to the Origin (2),1998,[],[],https://novelfire.net/book/sss-class-suicide-hunter/chapter-361,2026-05-27T17:44:01.340901
362,358: Return to the Origin (3),2275,[],[],https://novelfire.net/book/sss-class-suicide-hunter/chapter-362,2026-05-27T17:44:01.344862
363,359: The Sky That Gathers Screams (1),2415,[],[],https://novelfire.net/book/sss-class-suicide-hunter/chapter-363,2026-05-27T17:44:01.349051
364,360: The Sky That Gathers Screams (2),3439,[],[],https://novelfire.net/book/sss-class-suicide-hunter/chapter-364,2026-05-27T17:44:01.354467
365,361: The Sky That Gathers Screams (3),2578,[],[],https://novelfire.net/book/sss-class-suicide-hunter/chapter-365,2026-05-27T17:44:01.358861
366,362: The Sky That Gathers Screams (4),2250,[],[],https://novelfire.net/book/sss-class-suicide-hunter/chapter-366,2026-05-27T17:44:01.363021
367,363: The Sky That Gathers Screams (5),3269,[],[],https://novelfire.net/book/sss-class-suicide-hunter/chapter-367,2026-05-27T17:44:01.368277
368,364: 1st Floor (1),2268,[],[],https://novelfire.net/book/sss-class-suicide-hunter/chapter-368,2026-05-27T17:44:01.372013
369,365: 1st Floor (2),2126,[],[],https://novelfire.net/book/sss-class-suicide-hunter/chapter-369,2026-05-27T17:44:01.375720
370,366: 1st Floor (3),2124,[],[],https://novelfire.net/book/sss-class-suicide-hunter/chapter-370,2026-05-27T17:44:01.379450
371,367: Reverse Scale (1),2451,[],[],https://novelfire.net/book/sss-class-suicide-hunter/chapter-371,2026-05-27T17:44:01.384182
372,368: Reverse Scale (2),2260,[],[],https://novelfire.net/book/sss-class-suicide-hunter/chapter-372,2026-05-27T17:44:01.388075
373,369: Reverse Scale (3),2766,[],[],https://novelfire.net/book/sss-class-suicide-hunter/chapter-373,2026-05-27T17:44:01.392132
374,370: Reverse Scale (4),2311,[],[],https://novelfire.net/book/sss-class-suicide-hunter/chapter-374,2026-05-27T17:44:01.396114
375,371: Home Base (1),2106,[],[],https://novelfire.net/book/sss-class-suicide-hunter/chapter-375,2026-05-27T17:44:01.400711
376,372: Home Base (2),2145,[],[],https://novelfire.net/book/sss-class-suicide-hunter/chapter-376,2026-05-27T17:44:01.404701
377,373: Blue Blood (1),1997,[],[],https://novelfire.net/book/sss-class-suicide-hunter/chapter-377,2026-05-27T17:44:01.408610
378,374: Blue Blood (2),2460,[],[],https://novelfire.net/book/sss-class-suicide-hunter/chapter-378,2026-05-27T17:44:01.412920
379,375: Blue Blood (3),2824,[],[],https://novelfire.net/book/sss-class-suicide-hunter/chapter-379,2026-05-27T17:44:01.422379
380,376: The Place Called Sanctuary (1),2192,[],[],https://novelfire.net/book/sss-class-suicide-hunter/chapter-380,2026-05-27T17:44:01.426242
381,377: The Place Called Sanctuary (2),2121,[],[],https://novelfire.net/book/sss-class-suicide-hunter/chapter-381,2026-05-27T17:44:01.430067
382,379: The Gardener of the Withered Flowers (1),4606,[],[],https://novelfire.net/book/sss-class-suicide-hunter/chapter-382,2026-05-27T17:44:01.435082
383,380: The Gardener of the Withered Flowers (2),2093,[],[],https://novelfire.net/book/sss-class-suicide-hunter/chapter-383,2026-05-27T17:44:01.439819
384,381: The Gardener of Withered Flowers (3),2374,[],[],https://novelfire.net/book/sss-class-suicide-hunter/chapter-384,2026-05-27T17:44:01.443652
385,382: The Gardener of Withered Flowers (4),3246,[],[],https://novelfire.net/book/sss-class-suicide-hunter/chapter-385,2026-05-27T17:44:01.448070
386,383: The Nine Keys (1),2326,[],[],https://novelfire.net/book/sss-class-suicide-hunter/chapter-386,2026-05-27T17:44:01.452613
387,384: The Nine Keys (2),2118,[],[],https://novelfire.net/book/sss-class-suicide-hunter/chapter-387,2026-05-27T17:44:01.456468
388,385: The Garden of Time (1),2310,[],[],https://novelfire.net/book/sss-class-suicide-hunter/chapter-388,2026-05-27T17:44:01.460533
389,386: The Garden of Time (2),1923,[],[],https://novelfire.net/book/sss-class-suicide-hunter/chapter-389,2026-05-27T17:44:01.464520
390,387: The Garden of Time (3),2162,[],[],https://novelfire.net/book/sss-class-suicide-hunter/chapter-390,2026-05-27T17:44:01.469256
391,"388: The Time He Waited, The Time He Walked (1)",2401,[],[],https://novelfire.net/book/sss-class-suicide-hunter/chapter-391,2026-05-27T17:44:01.473241
392,"389: The Time He Waited, The Time He Walked (2)",2201,[],[],https://novelfire.net/book/sss-class-suicide-hunter/chapter-392,2026-05-27T17:44:01.477044
393,"390: The Time He Waited, The Time He Walked (3)",2295,[],[],https://novelfire.net/book/sss-class-suicide-hunter/chapter-393,2026-05-27T17:44:01.481253
394,"391: The Time He Waited, The Time He Walked (4)",2056,[],[],https://novelfire.net/book/sss-class-suicide-hunter/chapter-394,2026-05-27T17:44:01.486025
395,"392: The Time He Waited, The Time He Walked (5)",2340,[],[],https://novelfire.net/book/sss-class-suicide-hunter/chapter-395,2026-05-27T17:44:01.489960
396,"393: The Time He Waited, The Time He Walked (6)",2537,[],[],https://novelfire.net/book/sss-class-suicide-hunter/chapter-396,2026-05-27T17:44:01.494005
397,"394: The Time He Waited, The Time He Walked (7)",2521,[],[],https://novelfire.net/book/sss-class-suicide-hunter/chapter-397,2026-05-27T17:44:01.498100
398,"395: The Time He Waited, The Time He Walked (8)",2669,[],[],https://novelfire.net/book/sss-class-suicide-hunter/chapter-398,2026-05-27T17:44:01.503240
399,396: Your World and Mine (1),2120,[],[],https://novelfire.net/book/sss-class-suicide-hunter/chapter-399,2026-05-27T17:44:01.507165
400,397: Your World and Mine (2),2113,[],[],https://novelfire.net/book/sss-class-suicide-hunter/chapter-400,2026-05-27T17:44:01.511033
401,398: Your World and Mine (3),2667,[],[],https://novelfire.net/book/sss-class-suicide-hunter/chapter-401,2026-05-27T17:44:01.516421
402,399: (1),2452,[],[],https://novelfire.net/book/sss-class-suicide-hunter/chapter-402,2026-05-27T17:44:01.520142
403,401: Author’s Note,2899,[],[],https://novelfire.net/book/sss-class-suicide-hunter/chapter-403,2026-05-27T17:44:01.524298
404,401: Author and Translator's Note,871,[],[],https://novelfire.net/book/sss-class-suicide-hunter/chapter-404,2026-05-27T17:44:01.527195
165,160. [The Great Snail Empire. (3)],2438,[],[],https://novelfire.net/book/sss-class-suicide-hunter/chapter-165,2026-05-27T21:47:45.781859
194,189. [Prima Donna (1)],2484,[],[],https://novelfire.net/book/sss-class-suicide-hunter/chapter-194,2026-05-27T21:47:45.851762
195,190. [Prima Donna (2)],2731,[],[],https://novelfire.net/book/sss-class-suicide-hunter/chapter-195,2026-05-27T21:47:45.856692
